Analizowana para,A-star,Bellman,Dijkstra,Bi-dijkstra,Iteracje
"((0.0, 5419.459473), (10000.0, 1126.836182))",0.468725,18.099306,10.256669,4.064127,5
"((9843.358398, 21.249575), (6990.748535, 9969.797852))",0.411828,30.301864,9.051144,3.735683,5
"((5426.359863, 4513.789062), (5402.969238, 6501.974609))",0.033185,11.281278,0.386417,0.225927,5
