Analizowana para,A-star,Bellman,Dijkstra,Bi-dijkstra,Iteracje
"((0.0, 567.841675), (9861.808594, 8132.217773))",0.817542,75.255223,3.069667,2.265669,5
"((2246.491943, 151.567459), (8811.871094, 9940.361328))",1.005387,88.111210,3.286038,2.332427,5
"((2432.748047, 2729.907471), (4266.65918, 3150.174316))",0.027901,54.765755,0.225442,0.206141,5
