Analizowana para,A-star,Bellman,Dijkstra,Bi-dijkstra,Iteracje
"((0.0, 8576.604492), (9965.12793, 3132.410645))",0.052051,1.504922,0.121937,0.069465,5
"((5780.877441, 219.108063), (6430.935547, 9984.723633))",0.012713,0.716186,0.118195,0.042580,5
"((3640.844971, 4123.818848), (4286.662598, 4915.843262))",0.004686,0.618049,0.026381,0.018007,5
